{
  "distributions": [
    {
      "id": "5b58ba34-ead9-44f5-9229-5bbe87b53b23",
      "record_id": "1",
      "item_id": "1",
      "dateISO": "2025-09-01",
      "tgl": "01/09/2025",
      "name": "Andi Pratama",
      "nik": "140101010101",
      "kecamatan": "Bukit Raya",
      "status": "MENUNGGU",
      "bantuan": "Beras",
      "qty": "10",
      "unit": "Kg",
      "sumber_dana": "APBD Kota"
    },
    {
      "id": "9e806d31-85c5-4280-a203-944650d6e3cc",
      "record_id": "1",
      "item_id": "2",
      "dateISO": "2025-09-01",
      "tgl": "01/09/2025",
      "name": "Andi Pratama",
      "nik": "140101010101",
      "kecamatan": "Bukit Raya",
      "status": "MENUNGGU",
      "bantuan": "Minyak Goreng",
      "qty": "2",
      "unit": "Liter",
      "sumber_dana": "APBD Kota"
    },
    {
      "id": "fb316b7a-4d3d-4df6-b292-dac97a920dfa",
      "record_id": "2",
      "item_id": "3",
      "dateISO": "2025-09-01",
      "tgl": "01/09/2025",
      "name": "Bunga Cahyani",
      "nik": "140101020202",
      "kecamatan": "Tampan",
      "status": "SELESAI",
      "bantuan": "Uang Tunai",
      "qty": "300.000",
      "unit": "Rupiah",
      "sumber_dana": "CSR Perusahaan"
    },
    {
      "id": "21af9cab-6e59-45e5-ac8e-c90b1a4cff03",
      "record_id": "2",
      "item_id": "4",
      "dateISO": "2025-09-01",
      "tgl": "01/09/2025",
      "name": "Bunga Cahyani",
      "nik": "140101020202",
      "kecamatan": "Tampan",
      "status": "SELESAI",
      "bantuan": "Paket Sembako",
      "qty": "1",
      "unit": "Paket",
      "sumber_dana": "CSR Perusahaan"
    },
    {
      "id": "8665fe70-4fa1-436d-9d5a-04a9b86e6e1c",
      "record_id": "3",
      "item_id": "5",
      "dateISO": "2025-09-02",
      "tgl": "02/09/2025",
      "name": "Candra Wijaya",
      "nik": "140101030303",
      "kecamatan": "Payung Sekaki",
      "status": "MENUNGGU",
      "bantuan": "Beras",
      "qty": "5",
      "unit": "Kg",
      "sumber_dana": "APBD Kota"
    },
    {
      "id": "de60f01b-2821-44a6-91b0-00ba135bdf18",
      "record_id": "3",
      "item_id": "6",
      "dateISO": "2025-09-02",
      "tgl": "02/09/2025",
      "name": "Candra Wijaya",
      "nik": "140101030303",
      "kecamatan": "Payung Sekaki",
      "status": "MENUNGGU",
      "bantuan": "Uang Tunai",
      "qty": "150.000",
      "unit": "Rupiah",
      "sumber_dana": "APBD Kota"
    },
    {
      "id": "4ac05da9-dd60-4199-9432-a7bc33e6a155",
      "record_id": "3",
      "item_id": "7",
      "dateISO": "2025-09-02",
      "tgl": "02/09/2025",
      "name": "Candra Wijaya",
      "nik": "140101030303",
      "kecamatan": "Payung Sekaki",
      "status": "MENUNGGU",
      "bantuan": "Minyak Goreng",
      "qty": "1",
      "unit": "Liter",
      "sumber_dana": "APBD Kota"
    },
    {
      "id": "5a737b33-9ba7-458f-8ff4-649ed219e05e",
      "record_id": "4",
      "item_id": "8",
      "dateISO": "2025-09-02",
      "tgl": "02/09/2025",
      "name": "Desti Rahma",
      "nik": "140101040404",
      "kecamatan": "Marpoyan Damai",
      "status": "SELESAI",
      "bantuan": "Paket Sembako",
      "qty": "1",
      "unit": "Paket",
      "sumber_dana": "APBD Kota"
    },
    {
      "id": "fa2c1ab1-2fb0-4c51-a1ef-aeaadee594ac",
      "record_id": "5",
      "item_id": "9",
      "dateISO": "2025-09-03",
      "tgl": "03/09/2025",
      "name": "Eko Putra",
      "nik": "140101050505",
      "kecamatan": "Bukit Raya",
      "status": "MENUNGGU",
      "bantuan": "Uang Tunai",
      "qty": "200.000",
      "unit": "Rupiah",
      "sumber_dana": "Donasi LSM"
    },
    {
      "id": "7cb54d23-8433-4d16-8644-a9bc2d0dad9b",
      "record_id": "5",
      "item_id": "10",
      "dateISO": "2025-09-03",
      "tgl": "03/09/2025",
      "name": "Eko Putra",
      "nik": "140101050505",
      "kecamatan": "Bukit Raya",
      "status": "MENUNGGU",
      "bantuan": "Beras",
      "qty": "5",
      "unit": "Kg",
      "sumber_dana": "Donasi LSM"
    },
    {
      "id": "dc770a05-1a2c-4116-8aea-fef7a3be0a00",
      "record_id": "6",
      "item_id": "11",
      "dateISO": "2025-09-03",
      "tgl": "03/09/2025",
      "name": "Faisal Ahmad",
      "nik": "140101060606",
      "kecamatan": "Bukit Raya",
      "status": "MENUNGGU",
      "bantuan": "Minyak Goreng",
      "qty": "2",
      "unit": "Liter",
      "sumber_dana": "APBD Kota"
    },
    {
      "id": "41d37204-056b-4003-9a30-4bc47948248e",
      "record_id": "6",
      "item_id": "12",
      "dateISO": "2025-09-03",
      "tgl": "03/09/2025",
      "name": "Faisal Ahmad",
      "nik": "140101060606",
      "kecamatan": "Bukit Raya",
      "status": "MENUNGGU",
      "bantuan": "Uang Tunai",
      "qty": "100.000",
      "unit": "Rupiah",
      "sumber_dana": "APBD Kota"
    },
    {
      "id": "240f046d-3bfb-46aa-82b3-2b405190e9e1",
      "record_id": "6",
      "item_id": "13",
      "dateISO": "2025-09-03",
      "tgl": "03/09/2025",
      "name": "Faisal Ahmad",
      "nik": "140101060606",
      "kecamatan": "Bukit Raya",
      "status": "MENUNGGU",
      "bantuan": "Beras",
      "qty": "10",
      "unit": "Kg",
      "sumber_dana": "APBD Kota"
    },
    {
      "id": "a1c18623-ada9-43b9-97ae-40e58fdab536",
      "record_id": "7",
      "item_id": "14",
      "dateISO": "2025-09-04",
      "tgl": "04/09/2025",
      "name": "Gilang Saputra",
      "nik": "140101070707",
      "kecamatan": "Tampan",
      "status": "SEDANG_BAGI",
      "bantuan": "Paket Sembako",
      "qty": "1",
      "unit": "Paket",
      "sumber_dana": "APBD Kota"
    },
    {
      "id": "b130a61f-9bcb-4a21-b7f7-50134c73a51a",
      "record_id": "7",
      "item_id": "15",
      "dateISO": "2025-09-04",
      "tgl": "04/09/2025",
      "name": "Gilang Saputra",
      "nik": "140101070707",
      "kecamatan": "Tampan",
      "status": "SEDANG_BAGI",
      "bantuan": "Uang Tunai",
      "qty": "250.000",
      "unit": "Rupiah",
      "sumber_dana": "APBD Kota"
    },
    {
      "id": "b62a7639-3764-46c2-b998-5f48838933d0",
      "record_id": "8",
      "item_id": "16",
      "dateISO": "2025-09-04",
      "tgl": "04/09/2025",
      "name": "Hani Lestari",
      "nik": "140101080808",
      "kecamatan": "Sail",
      "status": "MENUNGGU",
      "bantuan": "Beras",
      "qty": "10",
      "unit": "Kg",
      "sumber_dana": "APBD Kota"
    },
    {
      "id": "11210fd6-696a-42c9-8dec-555f231dbbab",
      "record_id": "8",
      "item_id": "17",
      "dateISO": "2025-09-04",
      "tgl": "04/09/2025",
      "name": "Hani Lestari",
      "nik": "140101080808",
      "kecamatan": "Sail",
      "status": "MENUNGGU",
      "bantuan": "Minyak Goreng",
      "qty": "2",
      "unit": "Liter",
      "sumber_dana": "APBD Kota"
    },
    {
      "id": "1fcfa2a3-076e-40af-8d59-a3eac6b616f0",
      "record_id": "8",
      "item_id": "18",
      "dateISO": "2025-09-04",
      "tgl": "04/09/2025",
      "name": "Hani Lestari",
      "nik": "140101080808",
      "kecamatan": "Sail",
      "status": "MENUNGGU",
      "bantuan": "Gula Pasir",
      "qty": "1",
      "unit": "Kg",
      "sumber_dana": "APBD Kota"
    },
    {
      "id": "48257d9b-2325-4de5-a642-85e56786d217",
      "record_id": "9",
      "item_id": "19",
      "dateISO": "2025-09-05",
      "tgl": "05/09/2025",
      "name": "Irfan Nugraha",
      "nik": "140101090909",
      "kecamatan": "Marpoyan Damai",
      "status": "SELESAI",
      "bantuan": "Paket Sembako",
      "qty": "1",
      "unit": "Paket",
      "sumber_dana": "APBD Kota"
    },
    {
      "id": "8ce5e666-f29e-435d-a8be-3ff3e7867fa8",
      "record_id": "10",
      "item_id": "20",
      "dateISO": "2025-09-05",
      "tgl": "05/09/2025",
      "name": "Joko Susilo",
      "nik": "140101101010",
      "kecamatan": "Payung Sekaki",
      "status": "MENUNGGU",
      "bantuan": "Uang Tunai",
      "qty": "300.000",
      "unit": "Rupiah",
      "sumber_dana": "CSR Perusahaan"
    },
    {
      "id": "47750d20-8903-421d-afe3-0ceffdc4a9c2",
      "record_id": "10",
      "item_id": "21",
      "dateISO": "2025-09-05",
      "tgl": "05/09/2025",
      "name": "Joko Susilo",
      "nik": "140101101010",
      "kecamatan": "Payung Sekaki",
      "status": "MENUNGGU",
      "bantuan": "Beras",
      "qty": "5",
      "unit": "Kg",
      "sumber_dana": "CSR Perusahaan"
    },
    {
      "id": "6cf60ed2-b311-4ce6-bb54-1482af77cba8",
      "record_id": "10",
      "item_id": "22",
      "dateISO": "2025-09-05",
      "tgl": "05/09/2025",
      "name": "Joko Susilo",
      "nik": "140101101010",
      "kecamatan": "Payung Sekaki",
      "status": "MENUNGGU",
      "bantuan": "Minyak Goreng",
      "qty": "1",
      "unit": "Liter",
      "sumber_dana": "CSR Perusahaan"
    }
  ]
}